ID,poNumber,supplier_ID,orderDate,status,totalAmount,createdAt,createdBy,modifiedAt,modifiedBy
1444c42d-2335-4a5d-a305-d5ce153f047f,poNumber-1444,2085136f-1bdc-4956-8415-97825130a86c,2003-10-24,status-1444,9155622753226.39,2002-11-24T00:00:00.000Z,createdBy.144@example.org,2014-05-21T00:00:00.000Z,modifiedBy.144@example.com
1445e934-5035-4843-9f5e-0a0389701b53,poNumber-1445,2085136f-1bdc-4956-8415-97825130a86c,2018-02-18,status-1445,6591425010382.36,2015-10-09T00:00:00.000Z,createdBy.145@example.net,2009-10-14T00:00:00.000Z,modifiedBy.145@example.org
14467c40-1372-46c5-b2b5-02ee8edfc155,poNumber-1446,2085136f-1bdc-4956-8415-97825130a86c,2011-05-19,status-1446,4458730750779.45,2010-10-30T00:00:00.000Z,createdBy.146@example.org,2015-11-18T00:00:00.000Z,modifiedBy.146@example.net
14479216-c5ed-4346-a722-9cef3cb7e139,poNumber-1447,2085136f-1bdc-4956-8415-97825130a86c,2005-01-23,status-1447,7213541270004.82,2007-05-18T00:00:00.000Z,createdBy.147@example.com,2010-01-15T00:00:00.000Z,modifiedBy.147@example.com
14487496-3f4f-493b-a5e2-342b84bfe6ed,poNumber-1448,2085136f-1bdc-4956-8415-97825130a86c,2012-06-21,status-1448,8901454236606.69,2010-09-03T00:00:00.000Z,createdBy.148@example.net,2023-09-16T00:00:00.000Z,modifiedBy.148@example.net
1449df83-6851-404c-874b-fd7692c4c195,poNumber-1449,2085136f-1bdc-4956-8415-97825130a86c,2020-05-01,status-1449,7886298946876.82,2022-10-14T00:00:00.000Z,createdBy.149@example.com,2014-08-08T00:00:00.000Z,modifiedBy.149@example.com
14500177-f820-4a02-a9e5-cf62dbfa3075,poNumber-1450,2085136f-1bdc-4956-8415-97825130a86c,2017-11-13,status-1450,2245351240254.88,2009-05-27T00:00:00.000Z,createdBy.14a@example.net,2002-02-18T00:00:00.000Z,modifiedBy.14a@example.com
14516aad-01c9-413d-baaf-2ed2324b1e02,poNumber-1451,2085136f-1bdc-4956-8415-97825130a86c,2000-01-06,status-1451,7653937433447.93,2012-10-06T00:00:00.000Z,createdBy.14b@example.com,2002-09-14T00:00:00.000Z,modifiedBy.14b@example.net
145261f3-782d-4b7a-80c0-faec215c612d,poNumber-1452,2085136f-1bdc-4956-8415-97825130a86c,2011-11-18,status-1452,9677052548416.41,2005-02-05T00:00:00.000Z,createdBy.14c@example.org,2001-05-17T00:00:00.000Z,modifiedBy.14c@example.com
14531cad-8a33-4edd-8ce6-641872ab2ac8,poNumber-1453,2085136f-1bdc-4956-8415-97825130a86c,2014-06-07,status-1453,7367055107615.83,2016-05-23T00:00:00.000Z,createdBy.14d@example.net,2012-03-30T00:00:00.000Z,modifiedBy.14d@example.com
14547a5c-31f6-419b-80a7-f1a4df25e0de,poNumber-1454,2085136f-1bdc-4956-8415-97825130a86c,2015-10-09,status-1454,6894026329408.97,2019-03-16T00:00:00.000Z,createdBy.14e@example.com,2007-03-24T00:00:00.000Z,modifiedBy.14e@example.net
1455ba68-4215-4faf-a288-754d924b8b81,poNumber-1455,2085136f-1bdc-4956-8415-97825130a86c,2014-01-03,status-1455,724878217770.23,2013-04-27T00:00:00.000Z,createdBy.14f@example.com,2005-01-16T00:00:00.000Z,modifiedBy.14f@example.com
145692aa-760a-4803-b6f4-06058429c1cb,poNumber-1456,2085136f-1bdc-4956-8415-97825130a86c,2001-11-14,status-1456,4106126555329.74,2021-03-04T00:00:00.000Z,createdBy.14g@example.com,2006-05-21T00:00:00.000Z,modifiedBy.14g@example.org
14574bff-8862-4d67-a939-41b9839dcbc0,poNumber-1457,2085136f-1bdc-4956-8415-97825130a86c,2009-11-16,status-1457,548949992151.44,2019-08-18T00:00:00.000Z,createdBy.14h@example.net,2007-05-05T00:00:00.000Z,modifiedBy.14h@example.net
145841e7-1645-4986-bc8e-b190e60e4e83,poNumber-1458,2085136f-1bdc-4956-8415-97825130a86c,2011-10-08,status-1458,7925230110727.91,2015-08-17T00:00:00.000Z,createdBy.14i@example.net,2013-11-25T00:00:00.000Z,modifiedBy.14i@example.net
1459f7bb-cfb7-4228-a7a4-c7aa242cf7ba,poNumber-1459,2085136f-1bdc-4956-8415-97825130a86c,2004-02-19,status-1459,8835335521261.85,2011-12-18T00:00:00.000Z,createdBy.14j@example.org,2021-01-16T00:00:00.000Z,modifiedBy.14j@example.net
1460bcae-2f5d-4a63-925a-8b3e15e993d8,poNumber-1460,2085136f-1bdc-4956-8415-97825130a86c,2009-10-17,status-1460,6140930838318.6,2009-01-08T00:00:00.000Z,createdBy.14k@example.org,2000-06-08T00:00:00.000Z,modifiedBy.14k@example.com
146143ce-8f4b-452e-b736-d444aaf1d8c5,poNumber-1461,2085136f-1bdc-4956-8415-97825130a86c,2005-01-17,status-1461,6309506875281.73,2009-06-30T00:00:00.000Z,createdBy.14l@example.org,2020-10-20T00:00:00.000Z,modifiedBy.14l@example.org
1462c92f-3b6e-4ca3-be7e-0e12c7034af3,poNumber-1462,2085136f-1bdc-4956-8415-97825130a86c,2006-07-22,status-1462,3328831657223.21,2019-01-21T00:00:00.000Z,createdBy.14m@example.org,2001-09-05T00:00:00.000Z,modifiedBy.14m@example.org
1463dd50-5558-4bc9-8d84-f13ed127bcfe,poNumber-1463,2085136f-1bdc-4956-8415-97825130a86c,2017-02-20,status-1463,4370579072502.31,2016-01-16T00:00:00.000Z,createdBy.14n@example.net,2021-11-13T00:00:00.000Z,modifiedBy.14n@example.org
1464b2a9-e6e6-4d72-be93-397fb500e26f,poNumber-1464,2085136f-1bdc-4956-8415-97825130a86c,2017-08-18,status-1464,2372374288022.9,2019-05-10T00:00:00.000Z,createdBy.14o@example.com,2004-05-22T00:00:00.000Z,modifiedBy.14o@example.com
146502fb-7213-4920-b3af-63cee8b015fb,poNumber-1465,2085136f-1bdc-4956-8415-97825130a86c,2018-01-20,status-1465,5495261265477,2014-08-12T00:00:00.000Z,createdBy.14p@example.com,2020-03-21T00:00:00.000Z,modifiedBy.14p@example.com
14662f60-0c2c-4571-a003-fd28566446a1,poNumber-1466,2085136f-1bdc-4956-8415-97825130a86c,2018-02-28,status-1466,3221043511034.03,2010-03-01T00:00:00.000Z,createdBy.14q@example.net,2007-04-06T00:00:00.000Z,modifiedBy.14q@example.net
146713c5-fd4f-4184-a51c-c49906e13a86,poNumber-1467,2085136f-1bdc-4956-8415-97825130a86c,2001-08-28,status-1467,5281450165554.48,2001-02-21T00:00:00.000Z,createdBy.14r@example.com,2005-10-26T00:00:00.000Z,modifiedBy.14r@example.org
1468b229-863d-4382-9c95-db1dbfe58cc9,poNumber-1468,2085136f-1bdc-4956-8415-97825130a86c,2002-09-20,status-1468,9856393773178.02,2014-06-09T00:00:00.000Z,createdBy.14s@example.org,2021-05-04T00:00:00.000Z,modifiedBy.14s@example.com
14691dc9-f555-4ed8-a3be-3593d1375827,poNumber-1469,2085136f-1bdc-4956-8415-97825130a86c,2023-08-19,status-1469,8529888620101.66,2006-07-16T00:00:00.000Z,createdBy.14t@example.net,2011-03-08T00:00:00.000Z,modifiedBy.14t@example.com
14700f0e-1abe-428e-96e7-5eca3be523d1,poNumber-1470,2085136f-1bdc-4956-8415-97825130a86c,2018-07-17,status-1470,9969036277301.65,2011-11-22T00:00:00.000Z,createdBy.14u@example.org,2009-01-05T00:00:00.000Z,modifiedBy.14u@example.net
14716156-9e5a-45fd-8c10-cd366dbb360d,poNumber-1471,2085136f-1bdc-4956-8415-97825130a86c,2009-12-27,status-1471,5777955783140.25,2021-09-14T00:00:00.000Z,createdBy.14v@example.org,2012-05-13T00:00:00.000Z,modifiedBy.14v@example.com
14720e88-6d56-4393-8f81-b2cec073d0c3,poNumber-1472,2085136f-1bdc-4956-8415-97825130a86c,2019-08-19,status-1472,7729276753853.38,2007-10-16T00:00:00.000Z,createdBy.14w@example.com,2001-03-09T00:00:00.000Z,modifiedBy.14w@example.org
14735448-3e22-43a1-b611-78cd53759fbc,poNumber-1473,2085136f-1bdc-4956-8415-97825130a86c,2010-08-25,status-1473,3147458368334.09,2010-12-22T00:00:00.000Z,createdBy.14x@example.org,2010-12-12T00:00:00.000Z,modifiedBy.14x@example.com
14746679-5647-47fd-ba35-6fdf4cd2a0a4,poNumber-1474,2085136f-1bdc-4956-8415-97825130a86c,2003-01-04,status-1474,283794104477.75,2022-06-17T00:00:00.000Z,createdBy.14y@example.com,2008-12-17T00:00:00.000Z,modifiedBy.14y@example.com
1475ec62-3e78-4e71-b694-e8dc08a730bb,poNumber-1475,2085136f-1bdc-4956-8415-97825130a86c,2007-10-12,status-1475,7376060452979.25,2001-12-28T00:00:00.000Z,createdBy.14z@example.net,2006-05-12T00:00:00.000Z,modifiedBy.14z@example.org
1476dbcc-0e8d-40d6-9535-c42d33cd896d,poNumber-1476,2085136f-1bdc-4956-8415-97825130a86c,2004-03-20,status-1476,2621743835169.81,2016-10-16T00:00:00.000Z,createdBy.150@example.net,2016-07-15T00:00:00.000Z,modifiedBy.150@example.net
1477abeb-a11e-40c9-a49d-24fe6d6707b4,poNumber-1477,2085136f-1bdc-4956-8415-97825130a86c,2022-12-23,status-1477,2507251797072.39,2016-03-06T00:00:00.000Z,createdBy.151@example.org,2020-03-14T00:00:00.000Z,modifiedBy.151@example.net
14788085-cac3-41fd-b9e6-d6f20a9bb34c,poNumber-1478,2085136f-1bdc-4956-8415-97825130a86c,2007-04-02,status-1478,3571474024134.66,2007-12-30T00:00:00.000Z,createdBy.152@example.net,2004-12-21T00:00:00.000Z,modifiedBy.152@example.net
147956be-89b9-4997-8800-4175d5680f01,poNumber-1479,2085136f-1bdc-4956-8415-97825130a86c,2021-03-16,status-1479,3612638979402.73,2001-07-13T00:00:00.000Z,createdBy.153@example.com,2001-01-08T00:00:00.000Z,modifiedBy.153@example.com
14805213-86a7-4cdb-a880-2a1c0ba6eb63,poNumber-1480,2085136f-1bdc-4956-8415-97825130a86c,2003-08-09,status-1480,378911196311.36,2019-07-25T00:00:00.000Z,createdBy.154@example.org,2010-01-01T00:00:00.000Z,modifiedBy.154@example.com
1481db12-6af8-4b1c-bf7d-819f59470bb5,poNumber-1481,2085136f-1bdc-4956-8415-97825130a86c,2001-08-31,status-1481,3577799008622.27,2005-03-25T00:00:00.000Z,createdBy.155@example.org,2003-10-25T00:00:00.000Z,modifiedBy.155@example.net
14825e20-8b86-45ce-ae3d-9b39bad72ad3,poNumber-1482,2085136f-1bdc-4956-8415-97825130a86c,2004-02-02,status-1482,3094370417627.68,2020-11-30T00:00:00.000Z,createdBy.156@example.org,2007-10-03T00:00:00.000Z,modifiedBy.156@example.net
148300e8-014a-4835-8e15-24698aad4502,poNumber-1483,2085136f-1bdc-4956-8415-97825130a86c,2020-10-07,status-1483,979246258729.33,2022-01-10T00:00:00.000Z,createdBy.157@example.org,2006-05-14T00:00:00.000Z,modifiedBy.157@example.org
1484e4b6-8e29-4b04-9ffc-b27705781666,poNumber-1484,2085136f-1bdc-4956-8415-97825130a86c,2020-07-08,status-1484,8466133040815.36,2009-08-16T00:00:00.000Z,createdBy.158@example.net,2018-07-29T00:00:00.000Z,modifiedBy.158@example.net
148530d3-36dc-4ccb-a686-4a47627f8d49,poNumber-1485,2085136f-1bdc-4956-8415-97825130a86c,2006-09-10,status-1485,4363028618336.64,2016-02-03T00:00:00.000Z,createdBy.159@example.net,2002-10-21T00:00:00.000Z,modifiedBy.159@example.org
1486d3e1-18b9-4025-b3bb-eaa7e6384ae8,poNumber-1486,2085136f-1bdc-4956-8415-97825130a86c,2020-06-29,status-1486,8315073604339.47,2011-02-02T00:00:00.000Z,createdBy.15a@example.com,2009-03-15T00:00:00.000Z,modifiedBy.15a@example.net
1487ebd1-68d4-45f5-8c8f-0bbf6757e168,poNumber-1487,2085136f-1bdc-4956-8415-97825130a86c,2009-08-24,status-1487,4484586776282.85,2005-09-23T00:00:00.000Z,createdBy.15b@example.org,2022-02-20T00:00:00.000Z,modifiedBy.15b@example.com
1488836b-4921-4ae7-a9bc-0fbf19fc528e,poNumber-1488,2085136f-1bdc-4956-8415-97825130a86c,2003-01-28,status-1488,3124229832904.76,2020-12-16T00:00:00.000Z,createdBy.15c@example.org,2017-02-22T00:00:00.000Z,modifiedBy.15c@example.org
14899266-f1db-47ff-9747-67f55372f53a,poNumber-1489,2085136f-1bdc-4956-8415-97825130a86c,2022-07-29,status-1489,5247076276077.65,2008-12-30T00:00:00.000Z,createdBy.15d@example.net,2011-05-16T00:00:00.000Z,modifiedBy.15d@example.org
149010af-75b7-46bf-b7ff-6599673a2ed0,poNumber-1490,2085136f-1bdc-4956-8415-97825130a86c,2017-04-14,status-1490,1732107922400.99,2019-11-15T00:00:00.000Z,createdBy.15e@example.net,2007-06-09T00:00:00.000Z,modifiedBy.15e@example.org
1491eaaa-736d-4bdb-9147-2965112dc3f8,poNumber-1491,2085136f-1bdc-4956-8415-97825130a86c,2011-12-08,status-1491,6438911312123.92,2023-06-26T00:00:00.000Z,createdBy.15f@example.net,2003-02-28T00:00:00.000Z,modifiedBy.15f@example.org
14925dbf-8d3f-452a-8bf2-303a2c9cb9bb,poNumber-1492,2085136f-1bdc-4956-8415-97825130a86c,2009-05-16,status-1492,6127007878882.02,2008-08-21T00:00:00.000Z,createdBy.15g@example.com,2011-06-06T00:00:00.000Z,modifiedBy.15g@example.com
14939641-b21e-4271-ad60-eaafd68a997f,poNumber-1493,2085136f-1bdc-4956-8415-97825130a86c,2012-03-02,status-1493,3946578837353.14,2009-07-18T00:00:00.000Z,createdBy.15h@example.net,2011-09-08T00:00:00.000Z,modifiedBy.15h@example.net
1494a20d-5de8-44cc-bc52-05ce1f27eb1d,poNumber-1494,2085136f-1bdc-4956-8415-97825130a86c,2011-08-28,status-1494,4357719823265.61,2008-01-04T00:00:00.000Z,createdBy.15i@example.com,2001-05-22T00:00:00.000Z,modifiedBy.15i@example.net
1495af03-d8e1-4fe3-8339-f40dbbd40cd9,poNumber-1495,2085136f-1bdc-4956-8415-97825130a86c,2021-12-13,status-1495,7483362376608.14,2011-05-21T00:00:00.000Z,createdBy.15j@example.org,2023-01-15T00:00:00.000Z,modifiedBy.15j@example.net
149694e3-017f-4317-b7f7-5addb1dd7cde,poNumber-1496,2085136f-1bdc-4956-8415-97825130a86c,2023-04-15,status-1496,3086604074349.27,2016-06-22T00:00:00.000Z,createdBy.15k@example.org,2011-08-20T00:00:00.000Z,modifiedBy.15k@example.net
14977904-9ad5-433f-923e-517cd09a8673,poNumber-1497,2085136f-1bdc-4956-8415-97825130a86c,2000-12-07,status-1497,2672982251900.83,2009-03-03T00:00:00.000Z,createdBy.15l@example.net,2020-07-30T00:00:00.000Z,modifiedBy.15l@example.net
1498bc08-42a4-48fa-88aa-b3ba6f55de2b,poNumber-1498,2085136f-1bdc-4956-8415-97825130a86c,2020-01-06,status-1498,3327062058867.6,2019-09-07T00:00:00.000Z,createdBy.15m@example.com,2013-11-11T00:00:00.000Z,modifiedBy.15m@example.org
14994d7c-5d07-4821-8b4f-d288a74bc9cd,poNumber-1499,2085136f-1bdc-4956-8415-97825130a86c,2003-03-24,status-1499,7646105631080.25,2023-03-11T00:00:00.000Z,createdBy.15n@example.net,2021-03-26T00:00:00.000Z,modifiedBy.15n@example.org
15003362-caaf-452a-9552-f1392a434fba,poNumber-1500,2085136f-1bdc-4956-8415-97825130a86c,2011-07-03,status-1500,2315747140602.72,2006-01-15T00:00:00.000Z,createdBy.15o@example.net,2008-11-22T00:00:00.000Z,modifiedBy.15o@example.org
15016369-b429-4e67-9cca-86c3e08ed8c9,poNumber-1501,2085136f-1bdc-4956-8415-97825130a86c,2020-03-24,status-1501,5835024149997.7,2021-05-19T00:00:00.000Z,createdBy.15p@example.com,2004-04-08T00:00:00.000Z,modifiedBy.15p@example.net
1502db5f-a454-4b66-a06b-a80d17e4f752,poNumber-1502,2085136f-1bdc-4956-8415-97825130a86c,2011-06-20,status-1502,1690340932336.28,2008-08-23T00:00:00.000Z,createdBy.15q@example.com,2014-03-31T00:00:00.000Z,modifiedBy.15q@example.org
1503706b-1bc4-41c5-93e4-c7c99bc88d14,poNumber-1503,2085136f-1bdc-4956-8415-97825130a86c,2003-05-06,status-1503,3766673972068.88,2018-09-23T00:00:00.000Z,createdBy.15r@example.org,2021-08-24T00:00:00.000Z,modifiedBy.15r@example.com
15048661-c211-4297-960f-48091db3def9,poNumber-1504,2085136f-1bdc-4956-8415-97825130a86c,2019-09-07,status-1504,38662089230.96,2010-03-31T00:00:00.000Z,createdBy.15s@example.org,2006-08-29T00:00:00.000Z,modifiedBy.15s@example.net
1505226d-8908-4f0b-b301-de569840654c,poNumber-1505,2085136f-1bdc-4956-8415-97825130a86c,2018-09-18,status-1505,4181985457256.36,2010-04-07T00:00:00.000Z,createdBy.15t@example.net,2014-04-19T00:00:00.000Z,modifiedBy.15t@example.com
1506c80c-c988-4daf-a2a4-da3c16887fd5,poNumber-1506,2085136f-1bdc-4956-8415-97825130a86c,2014-05-15,status-1506,5180503123594.65,2001-03-06T00:00:00.000Z,createdBy.15u@example.com,2014-03-12T00:00:00.000Z,modifiedBy.15u@example.net
15071c6e-01dc-458e-a59d-eba123ba6695,poNumber-1507,2085136f-1bdc-4956-8415-97825130a86c,2010-08-28,status-1507,1594625267485.67,2017-04-27T00:00:00.000Z,createdBy.15v@example.com,2019-11-24T00:00:00.000Z,modifiedBy.15v@example.com
1508673a-2b7a-4d02-9659-d4bf7953e5bb,poNumber-1508,2085136f-1bdc-4956-8415-97825130a86c,2005-10-17,status-1508,6007457552613.39,2001-10-26T00:00:00.000Z,createdBy.15w@example.org,2014-09-03T00:00:00.000Z,modifiedBy.15w@example.org
1509f6e5-53ab-4305-bed6-e628ad15d0ab,poNumber-1509,2085136f-1bdc-4956-8415-97825130a86c,2022-02-11,status-1509,562075168937.08,2002-11-06T00:00:00.000Z,createdBy.15x@example.com,2002-08-26T00:00:00.000Z,modifiedBy.15x@example.org
1510ff3d-cf2f-4b74-b7be-d3c1a9e36d30,poNumber-1510,2085136f-1bdc-4956-8415-97825130a86c,2016-12-04,status-1510,5962435231693.91,2018-10-14T00:00:00.000Z,createdBy.15y@example.org,2017-01-03T00:00:00.000Z,modifiedBy.15y@example.com
151139a3-dac5-4fbb-b0c3-8a58d1b41146,poNumber-1511,2085136f-1bdc-4956-8415-97825130a86c,2003-05-21,status-1511,2791031110313.79,2020-11-09T00:00:00.000Z,createdBy.15z@example.org,2016-09-20T00:00:00.000Z,modifiedBy.15z@example.org
151277e9-3ea4-42f2-85a1-729d0fd9cd8e,poNumber-1512,2085136f-1bdc-4956-8415-97825130a86c,2006-11-11,status-1512,4044500914098.97,2004-12-29T00:00:00.000Z,createdBy.160@example.com,2019-03-01T00:00:00.000Z,modifiedBy.160@example.org
1513b703-b9dd-44e7-9932-757760ad3c47,poNumber-1513,2085136f-1bdc-4956-8415-97825130a86c,2006-06-06,status-1513,8286760030629.1,2023-04-01T00:00:00.000Z,createdBy.161@example.com,2005-10-31T00:00:00.000Z,modifiedBy.161@example.net
1514c8da-92c7-45cf-95ae-279a0a6f6c1a,poNumber-1514,2085136f-1bdc-4956-8415-97825130a86c,2006-12-04,status-1514,9099699291015.32,2003-06-07T00:00:00.000Z,createdBy.162@example.org,2020-03-02T00:00:00.000Z,modifiedBy.162@example.com
15152aed-a808-4f92-97a8-e5030a39556a,poNumber-1515,2085136f-1bdc-4956-8415-97825130a86c,2001-01-20,status-1515,7194306053719.61,2017-04-20T00:00:00.000Z,createdBy.163@example.org,2009-03-01T00:00:00.000Z,modifiedBy.163@example.net
1516fdba-6fd9-4685-add3-a1eaf8658988,poNumber-1516,2085136f-1bdc-4956-8415-97825130a86c,2010-10-02,status-1516,1063745760422.07,2018-09-09T00:00:00.000Z,createdBy.164@example.net,2011-07-08T00:00:00.000Z,modifiedBy.164@example.org
1517f952-f04a-4f25-b988-c7132a8b51af,poNumber-1517,2085136f-1bdc-4956-8415-97825130a86c,2012-05-08,status-1517,942867055233.28,2005-06-10T00:00:00.000Z,createdBy.165@example.net,2001-09-28T00:00:00.000Z,modifiedBy.165@example.org
15184237-4973-4166-ac82-2c8ec8b1c10c,poNumber-1518,2085136f-1bdc-4956-8415-97825130a86c,2010-11-09,status-1518,6550396008606.82,2019-01-12T00:00:00.000Z,createdBy.166@example.net,2018-06-24T00:00:00.000Z,modifiedBy.166@example.org
1519973c-2600-45a7-b26c-dae65b00a976,poNumber-1519,2085136f-1bdc-4956-8415-97825130a86c,2016-01-10,status-1519,1395101872595.87,2003-01-26T00:00:00.000Z,createdBy.167@example.com,2005-06-08T00:00:00.000Z,modifiedBy.167@example.net
1520e4de-842c-4f9f-b47e-ada94b9e23ce,poNumber-1520,2085136f-1bdc-4956-8415-97825130a86c,2014-02-07,status-1520,8446667458889.62,2013-12-20T00:00:00.000Z,createdBy.168@example.org,2018-06-18T00:00:00.000Z,modifiedBy.168@example.org
1521a91d-39c2-4b0b-aa7d-bb2a084f2605,poNumber-1521,2085136f-1bdc-4956-8415-97825130a86c,2005-09-21,status-1521,5263754181986.8,2003-07-31T00:00:00.000Z,createdBy.169@example.org,2020-08-14T00:00:00.000Z,modifiedBy.169@example.net
152239ec-ac4d-4af0-aeac-57cb17932269,poNumber-1522,2085136f-1bdc-4956-8415-97825130a86c,2000-03-21,status-1522,2657667657406.29,2013-01-31T00:00:00.000Z,createdBy.16a@example.org,2019-06-22T00:00:00.000Z,modifiedBy.16a@example.org
152320c3-4e78-4861-8e5d-aff4b38a5371,poNumber-1523,2085136f-1bdc-4956-8415-97825130a86c,2022-12-07,status-1523,8480339866108.83,2016-12-04T00:00:00.000Z,createdBy.16b@example.net,2014-10-21T00:00:00.000Z,modifiedBy.16b@example.com
1524c1b3-9d31-4643-900f-a0d2ec742d02,poNumber-1524,2085136f-1bdc-4956-8415-97825130a86c,2022-09-10,status-1524,7496907372745.22,2020-09-25T00:00:00.000Z,createdBy.16c@example.net,2006-08-09T00:00:00.000Z,modifiedBy.16c@example.com
1525d69d-ab69-43ba-bdba-07c9a691ae44,poNumber-1525,2085136f-1bdc-4956-8415-97825130a86c,2013-05-19,status-1525,7329893542120.85,2021-03-07T00:00:00.000Z,createdBy.16d@example.org,2021-06-16T00:00:00.000Z,modifiedBy.16d@example.net
1526dbb2-0802-41e6-97c7-1ed53571f441,poNumber-1526,2085136f-1bdc-4956-8415-97825130a86c,2009-02-27,status-1526,7835452655266.2,2019-03-28T00:00:00.000Z,createdBy.16e@example.net,2022-02-01T00:00:00.000Z,modifiedBy.16e@example.net
15276ab5-29d1-446d-a7f3-b04a62bb477f,poNumber-1527,2085136f-1bdc-4956-8415-97825130a86c,2008-04-05,status-1527,8197892078858.56,2003-12-27T00:00:00.000Z,createdBy.16f@example.com,2002-02-10T00:00:00.000Z,modifiedBy.16f@example.org
1528ad50-a4a2-415a-8c5a-e045edb38710,poNumber-1528,2085136f-1bdc-4956-8415-97825130a86c,2007-06-18,status-1528,1434033036446.96,2016-09-08T00:00:00.000Z,createdBy.16g@example.net,2004-09-25T00:00:00.000Z,modifiedBy.16g@example.org
1529e5de-bd07-469b-8db8-dd801da303b9,poNumber-1529,2085136f-1bdc-4956-8415-97825130a86c,2000-05-15,status-1529,5036651425189.59,2016-07-12T00:00:00.000Z,createdBy.16h@example.org,2013-05-16T00:00:00.000Z,modifiedBy.16h@example.com
15306f1c-cc3c-44c2-8410-4a2278d0c034,poNumber-1530,2085136f-1bdc-4956-8415-97825130a86c,2015-07-03,status-1530,3750747586856.47,2020-08-12T00:00:00.000Z,createdBy.16i@example.net,2018-05-09T00:00:00.000Z,modifiedBy.16i@example.com
1531e7c7-80a4-411f-9e28-c6ab9fdf79d4,poNumber-1531,2085136f-1bdc-4956-8415-97825130a86c,2017-05-21,status-1531,9290122298978.61,2020-09-14T00:00:00.000Z,createdBy.16j@example.com,2014-11-25T00:00:00.000Z,modifiedBy.16j@example.net
1532d39c-099b-4fc9-9354-33c832dccd15,poNumber-1532,2085136f-1bdc-4956-8415-97825130a86c,2015-01-21,status-1532,4442116415717.21,2019-08-04T00:00:00.000Z,createdBy.16k@example.com,2007-06-18T00:00:00.000Z,modifiedBy.16k@example.org
1533df60-e835-4838-ad3a-1f0726ad82c8,poNumber-1533,2085136f-1bdc-4956-8415-97825130a86c,2000-01-23,status-1533,4973460115839.56,2014-05-08T00:00:00.000Z,createdBy.16l@example.org,2021-03-31T00:00:00.000Z,modifiedBy.16l@example.net
15344890-2a11-45c4-a319-db2c4ce25ba1,poNumber-1534,2085136f-1bdc-4956-8415-97825130a86c,2017-01-01,status-1534,8977389612372.52,2003-03-20T00:00:00.000Z,createdBy.16m@example.org,2000-01-10T00:00:00.000Z,modifiedBy.16m@example.com
1535e862-76a9-4c6c-a923-e8ea2d86622a,poNumber-1535,2085136f-1bdc-4956-8415-97825130a86c,2001-05-05,status-1535,9224587365413.46,2012-09-04T00:00:00.000Z,createdBy.16n@example.net,2008-09-12T00:00:00.000Z,modifiedBy.16n@example.com
15366aa8-6325-4fbb-9dae-577fb6cb37c9,poNumber-1536,2085136f-1bdc-4956-8415-97825130a86c,2013-04-28,status-1536,869985283034.16,2021-09-29T00:00:00.000Z,createdBy.16o@example.com,2002-01-12T00:00:00.000Z,modifiedBy.16o@example.org
153786f6-83f6-4472-bab2-d612e66a0120,poNumber-1537,2085136f-1bdc-4956-8415-97825130a86c,2021-05-08,status-1537,8790253405981.53,2005-06-05T00:00:00.000Z,createdBy.16p@example.com,2023-11-16T00:00:00.000Z,modifiedBy.16p@example.com
1538d1f6-bca0-43a5-87e8-313604c85c90,poNumber-1538,2085136f-1bdc-4956-8415-97825130a86c,2019-09-25,status-1538,6057709677106.76,2019-01-02T00:00:00.000Z,createdBy.16q@example.org,2013-09-01T00:00:00.000Z,modifiedBy.16q@example.org
1539c09c-eca9-43a0-8f2d-2770c343211d,poNumber-1539,2085136f-1bdc-4956-8415-97825130a86c,2005-05-04,status-1539,6139705368639.52,2018-02-17T00:00:00.000Z,createdBy.16r@example.com,2005-02-05T00:00:00.000Z,modifiedBy.16r@example.com
1540084e-c5fd-4dda-bb3a-a311f887851e,poNumber-1540,2085136f-1bdc-4956-8415-97825130a86c,2006-11-18,status-1540,2949651386291.53,2019-11-17T00:00:00.000Z,createdBy.16s@example.com,2006-05-02T00:00:00.000Z,modifiedBy.16s@example.com
1541dad8-b99d-4e22-9cb5-3e9daa633d4e,poNumber-1541,2085136f-1bdc-4956-8415-97825130a86c,2018-06-28,status-1541,6891240541633.25,2001-06-17T00:00:00.000Z,createdBy.16t@example.com,2018-02-23T00:00:00.000Z,modifiedBy.16t@example.net
1542dbd1-6ccc-45cf-ab58-13641d5e0c7c,poNumber-1542,2085136f-1bdc-4956-8415-97825130a86c,2002-07-21,status-1542,8332157797190.63,2009-04-27T00:00:00.000Z,createdBy.16u@example.net,2021-05-05T00:00:00.000Z,modifiedBy.16u@example.net
1543c562-5f39-4791-969a-583dcfdd534b,poNumber-1543,2085136f-1bdc-4956-8415-97825130a86c,2010-01-08,status-1543,9752473692684.71,2018-11-01T00:00:00.000Z,createdBy.16v@example.net,2006-08-01T00:00:00.000Z,modifiedBy.16v@example.net
